Stellenbosch University, 
Beijing Foreign Studies University, 
Beijing Foreign Studies University, 
Beijing Normal University, 
Beijing Foreign Studies University, 
Beijing Normal University, 
Dalian University of Foreign Languages, 
Beijing Foreign Studies University, 
Beijing Normal University, 
Dalian University of Foreign Languages, 
Guangdong University of Foreign Studies, 
Beijing Foreign Studies University, 
Beijing Normal University, 
Dalian University of Foreign Languages, 
Guangdong University of Foreign Studies, 
Zhejiang University, 
Hong Kong Baptist University, 
Hong Kong Baptist University, 
Hong Kong Polytechnic University, 
Hong Kong Baptist University, 
Hong Kong Polytechnic University, 
City University of Hong Kong, 
Manipal Academy of Higher Education, 
Manipal Academy of Higher Education, 
National Institute of Fashion Technology, 
BINUS University, 
BINUS University, 
University of Surabaya, 
Meijo University, 
Meijo University, 
Kanda University of International Studies, 
Meijo University, 
Kanda University of International Studies, 
Kobe International University, 
Meijo University, 
Kanda University of International Studies, 
Kobe International University, 
Kumamoto University, 
Meijo University, 
Kanda University of International Studies, 
Kobe International University, 
Kumamoto University, 
Ritsumeikan University, 
Meijo University, 
Kanda University of International Studies, 
Kobe International University, 
Kumamoto University, 
Ritsumeikan University, 
Nagasaki University, 
Meijo University, 
Kanda University of International Studies, 
Kobe International University, 
Kumamoto University, 
Ritsumeikan University, 
Nagasaki University, 
Mukogawa Women's University, 
Meijo University, 
Kanda University of International Studies, 
Kobe International University, 
Kumamoto University, 
Ritsumeikan University, 
Nagasaki University, 
Mukogawa Women's University, 
Kansai Gaidai University, 
Meijo University, 
Kanda University of International Studies, 
Kobe International University, 
Kumamoto University, 
Ritsumeikan University, 
Nagasaki University, 
Mukogawa Women's University, 
Kansai Gaidai University, 
International Christian University, 
Meijo University, 
Kanda University of International Studies, 
Kobe International University, 
Kumamoto University, 
Ritsumeikan University, 
Nagasaki University, 
Mukogawa Women's University, 
Kansai Gaidai University, 
International Christian University, 
Meiji University, 
Meijo University, 
Kanda University of International Studies, 
Kobe International University, 
Kumamoto University, 
Ritsumeikan University, 
Nagasaki University, 
Mukogawa Women's University, 
Kansai Gaidai University, 
International Christian University, 
Meiji University, 
University of Tokyo, 
Taylor's University, 
Taylor's University, 
Sunway University, 
Temasek Polytechnic, 
Temasek Polytechnic, 
Nanyang Technological University, 
Pukyong National University, 
Pukyong National University, 
Dong-A University, 
Pukyong National University, 
Dong-A University, 
KAIST, 
Pukyong National University, 
Dong-A University, 
KAIST, 
Inha University, 
Pukyong National University, 
Dong-A University, 
KAIST, 
Inha University, 
Hanyang University, 
Pukyong National University, 
Dong-A University, 
KAIST, 
Inha University, 
Hanyang University, 
Korea University, 
Pukyong National University, 
Dong-A University, 
KAIST, 
Inha University, 
Hanyang University, 
Korea University, 
Ewha Women's University, 
National Sun Yat-Sen University, 
National Sun Yat-Sen University, 
Central Taiwan University of Science and Technology, 
National Sun Yat-Sen University, 
Central Taiwan University of Science and Technology, 
National Cheng Kung University, 
National Sun Yat-Sen University, 
Central Taiwan University of Science and Technology, 
National Cheng Kung University, 
Fu Jen Catholic University, 
National Sun Yat-Sen University, 
Central Taiwan University of Science and Technology, 
National Cheng Kung University, 
Fu Jen Catholic University, 
National Chengchi University, 
National Sun Yat-Sen University, 
Central Taiwan University of Science and Technology, 
National Cheng Kung University, 
Fu Jen Catholic University, 
National Chengchi University, 
Tamkang University, 
Chulalongkorn University, 
Chulalongkorn University, 
Mahidol University, 
Chulalongkorn University, 
Mahidol University, 
Thammasat University, 
RMIT Vietnam, 
University of Natural Resources and Life Sciences (BOKU), 
University of Natural Resources and Life Sciences (BOKU), 
University of Vienna, 
University of Natural Resources and Life Sciences (BOKU), 
University of Vienna, 
Vienna University of Economics and Business, 
University of Natural Resources and Life Sciences (BOKU), 
University of Vienna, 
Vienna University of Economics and Business, 
Vienna University of Technology, 
Czech Technical University in Prague, 
Aarhus University, 
Aarhus University, 
Danish School of Media and Communication, 
Aarhus University, 
Danish School of Media and Communication, 
University of Copenhagen, 
Aarhus University, 
Danish School of Media and Communication, 
University of Copenhagen, 
Technical University of Denmark, 
Aarhus University, 
Danish School of Media and Communication, 
University of Copenhagen, 
Technical University of Denmark, 
University of Southern Denmark, 
Aarhus University, 
Danish School of Media and Communication, 
University of Copenhagen, 
Technical University of Denmark, 
University of Southern Denmark, 
IT University of Copenhagen, 
University of Birmingham, 
University of Birmingham, 
Aston University, 
University of Birmingham, 
Aston University, 
University of Bristol, 
University of Birmingham, 
Aston University, 
University of Bristol, 
University of Essex, 
University of Birmingham, 
Aston University, 
University of Bristol, 
University of Essex, 
University of Exeter, 
University of Birmingham, 
Aston University, 
University of Bristol, 
University of Essex, 
University of Exeter, 
University of Hull, 
University of Birmingham, 
Aston University, 
University of Bristol, 
University of Essex, 
University of Exeter, 
University of Hull, 
Lancaster University, 
University of Birmingham, 
Aston University, 
University of Bristol, 
University of Essex, 
University of Exeter, 
University of Hull, 
Lancaster University, 
University of Leeds, 
University of Birmingham, 
Aston University, 
University of Bristol, 
University of Essex, 
University of Exeter, 
University of Hull, 
Lancaster University, 
University of Leeds, 
Leeds Beckett University, 
University of Birmingham, 
Aston University, 
University of Bristol, 
University of Essex, 
University of Exeter, 
University of Hull, 
Lancaster University, 
University of Leeds, 
Leeds Beckett University, 
Regent's University London, 
University of Birmingham, 
Aston University, 
University of Bristol, 
University of Essex, 
University of Exeter, 
University of Hull, 
Lancaster University, 
University of Leeds, 
Leeds Beckett University, 
Regent's University London, 
Oxford Brookes University, 
University of Birmingham, 
Aston University, 
University of Bristol, 
University of Essex, 
University of Exeter, 
University of Hull, 
Lancaster University, 
University of Leeds, 
Leeds Beckett University, 
Regent's University London, 
Oxford Brookes University, 
Sheffield Hallam University, 
University of Birmingham, 
Aston University, 
University of Bristol, 
University of Essex, 
University of Exeter, 
University of Hull, 
Lancaster University, 
University of Leeds, 
Leeds Beckett University, 
Regent's University London, 
Oxford Brookes University, 
Sheffield Hallam University, 
University of Liverpool, 
University of Birmingham, 
Aston University, 
University of Bristol, 
University of Essex, 
University of Exeter, 
University of Hull, 
Lancaster University, 
University of Leeds, 
Leeds Beckett University, 
Regent's University London, 
Oxford Brookes University, 
Sheffield Hallam University, 
University of Liverpool, 
Manchester Metropolitan University, 
Aalto University, 
Aalto University, 
University of Eastern Finland, 
IMT Atlantique, 
IMT Atlantique, 
Grenoble Institute of Technology, 
IMT Atlantique, 
Grenoble Institute of Technology, 
Universite Catholique de Lilie, 
IMT Atlantique, 
Grenoble Institute of Technology, 
Universite Catholique de Lilie, 
CentraleSupélec, 
IMT Atlantique, 
Grenoble Institute of Technology, 
Universite Catholique de Lilie, 
CentraleSupélec, 
Universite Paris Dauphine, 
IMT Atlantique, 
Grenoble Institute of Technology, 
Universite Catholique de Lilie, 
CentraleSupélec, 
Universite Paris Dauphine, 
L'Ecole Nationale de l'Aviation Civile (ENAC), 
IMT Atlantique, 
Grenoble Institute of Technology, 
Universite Catholique de Lilie, 
CentraleSupélec, 
Universite Paris Dauphine, 
L'Ecole Nationale de l'Aviation Civile (ENAC), 
National Polytechnic Institute of Toulouse, 
Rheinisch Westfalische Technische Hochschule Aachen (RWTH), 
Rheinisch Westfalische Technische Hochschule Aachen (RWTH), 
HTW Berlin, University of Applied Sciences (Hochschule fur Technik und Wirtschaft), 
Rheinisch Westfalische Technische Hochschule Aachen (RWTH), 
HTW Berlin, University of Applied Sciences (Hochschule fur Technik und Wirtschaft), 
Technical University of Berlin, 
Rheinisch Westfalische Technische Hochschule Aachen (RWTH), 
HTW Berlin, University of Applied Sciences (Hochschule fur Technik und Wirtschaft), 
Technical University of Berlin, 
Bielefeld University, 
Rheinisch Westfalische Technische Hochschule Aachen (RWTH), 
HTW Berlin, University of Applied Sciences (Hochschule fur Technik und Wirtschaft), 
Technical University of Berlin, 
Bielefeld University, 
Technical University of Darmstadt, 
Rheinisch Westfalische Technische Hochschule Aachen (RWTH), 
HTW Berlin, University of Applied Sciences (Hochschule fur Technik und Wirtschaft), 
Technical University of Berlin, 
Bielefeld University, 
Technical University of Darmstadt, 
Karlsruhe Institute of Technology, 
Rheinisch Westfalische Technische Hochschule Aachen (RWTH), 
HTW Berlin, University of Applied Sciences (Hochschule fur Technik und Wirtschaft), 
Technical University of Berlin, 
Bielefeld University, 
Technical University of Darmstadt, 
Karlsruhe Institute of Technology, 
Karlsruhe University of Applied Sciences (HsKA), 
Rheinisch Westfalische Technische Hochschule Aachen (RWTH), 
HTW Berlin, University of Applied Sciences (Hochschule fur Technik und Wirtschaft), 
Technical University of Berlin, 
Bielefeld University, 
Technical University of Darmstadt, 
Karlsruhe Institute of Technology, 
Karlsruhe University of Applied Sciences (HsKA), 
University of Muenster, 
Rheinisch Westfalische Technische Hochschule Aachen (RWTH), 
HTW Berlin, University of Applied Sciences (Hochschule fur Technik und Wirtschaft), 
Technical University of Berlin, 
Bielefeld University, 
Technical University of Darmstadt, 
Karlsruhe Institute of Technology, 
Karlsruhe University of Applied Sciences (HsKA), 
University of Muenster, 
Ludwig Maximilians University, 
Rheinisch Westfalische Technische Hochschule Aachen (RWTH), 
HTW Berlin, University of Applied Sciences (Hochschule fur Technik und Wirtschaft), 
Technical University of Berlin, 
Bielefeld University, 
Technical University of Darmstadt, 
Karlsruhe Institute of Technology, 
Karlsruhe University of Applied Sciences (HsKA), 
University of Muenster, 
Ludwig Maximilians University, 
Technical University of Munich, 
Rheinisch Westfalische Technische Hochschule Aachen (RWTH), 
HTW Berlin, University of Applied Sciences (Hochschule fur Technik und Wirtschaft), 
Technical University of Berlin, 
Bielefeld University, 
Technical University of Darmstadt, 
Karlsruhe Institute of Technology, 
Karlsruhe University of Applied Sciences (HsKA), 
University of Muenster, 
Ludwig Maximilians University, 
Technical University of Munich, 
University of Stuttgart, 
Rheinisch Westfalische Technische Hochschule Aachen (RWTH), 
HTW Berlin, University of Applied Sciences (Hochschule fur Technik und Wirtschaft), 
Technical University of Berlin, 
Bielefeld University, 
Technical University of Darmstadt, 
Karlsruhe Institute of Technology, 
Karlsruhe University of Applied Sciences (HsKA), 
University of Muenster, 
Ludwig Maximilians University, 
Technical University of Munich, 
University of Stuttgart, 
Eberhard Karls Universitat Tubingen, 
Rheinisch Westfalische Technische Hochschule Aachen (RWTH), 
HTW Berlin, University of Applied Sciences (Hochschule fur Technik und Wirtschaft), 
Technical University of Berlin, 
Bielefeld University, 
Technical University of Darmstadt, 
Karlsruhe Institute of Technology, 
Karlsruhe University of Applied Sciences (HsKA), 
University of Muenster, 
Ludwig Maximilians University, 
Technical University of Munich, 
University of Stuttgart, 
Eberhard Karls Universitat Tubingen, 
Hessen Universities, 
Corvinus University Budapest, 
University of Iceland, 
University of Iceland, 
Reykjavík University, 
Politecnico di Milano, 
Politecnico di Milano, 
University Commerciale Luigi Bocconi, 
Politecnico di Milano, 
University Commerciale Luigi Bocconi, 
University of Trento, 
Politecnico di Milano, 
University Commerciale Luigi Bocconi, 
University of Trento, 
Politecnico di Torino, 
Politecnico di Milano, 
University Commerciale Luigi Bocconi, 
University of Trento, 
Politecnico di Torino, 
LUISS (Libera Università Internazionale degli Studi Sociali Guido Carli), 
University of Liechtenstein, 
Delft University of Technology, 
Delft University of Technology, 
Eindhoven University of Technology, 
Delft University of Technology, 
Eindhoven University of Technology, 
Radboud University, 
University of Agder, 
University of Agder, 
Western Norway University of Applied Sciences, 
University of Agder, 
Western Norway University of Applied Sciences, 
Ostfold University College, 
University of Agder, 
Western Norway University of Applied Sciences, 
Ostfold University College, 
Oslo Metropolitan University , 
University of Agder, 
Western Norway University of Applied Sciences, 
Ostfold University College, 
Oslo Metropolitan University , 
University of Stavanger, 
University of Agder, 
Western Norway University of Applied Sciences, 
Ostfold University College, 
Oslo Metropolitan University , 
University of Stavanger, 
Norwegian University of Science and Technology, 
Kozminski University, 
Kozminski University, 
Wroclaw University of Technology, 
<u>University of Minho</u>, 
Edinburgh Napier University, 
Edinburgh Napier University, 
University of Glasgow, 
Edinburgh Napier University, 
University of Glasgow, 
University of Strathclyde, 
University of A Coruna, 
University of A Coruna, 
University Carlos III de Madrid, 
University of A Coruna, 
University Carlos III de Madrid, 
University of Navarra , 
University of Boras, 
University of Boras, 
Chalmers University of Technology, 
University of Boras, 
Chalmers University of Technology, 
University of Gothenburg, 
University of Boras, 
Chalmers University of Technology, 
University of Gothenburg, 
Linkoping University, 
University of Boras, 
Chalmers University of Technology, 
University of Gothenburg, 
Linkoping University, 
Malmo University, 
University of Boras, 
Chalmers University of Technology, 
University of Gothenburg, 
Linkoping University, 
Malmo University, 
Karolinska Institutet, 
University of Boras, 
Chalmers University of Technology, 
University of Gothenburg, 
Linkoping University, 
Malmo University, 
Karolinska Institutet, 
KTH - Royal Institute of Technology, 
Cardiff University, 
Cardiff University, 
Swansea University, 
Pontificial Catholic University of Minas Gerais, 
Pontificial Catholic University of Minas Gerais, 
University of Sao Paulo, 
Pontificial Catholic University of Minas Gerais, 
University of Sao Paulo, 
Universidade Federal de Santa Catarina (UFSC), 
Universidad Adolfo Ibanez, 
Universidad Adolfo Ibanez, 
Pontificia Universidad Catolica de Chile, 
Universidad de los Andes, 
Universidad de los Andes, 
Universidad del Rosario, 
Universidad de los Andes, 
Universidad del Rosario, 
Universidad EAFIT, 
University of Calgary, 
University of Calgary, 
Simon Fraser University, 
University of Calgary, 
Simon Fraser University, 
Dalhousie University, 
University of Calgary, 
Simon Fraser University, 
Dalhousie University, 
University of Ottawa, 
University of Calgary, 
Simon Fraser University, 
Dalhousie University, 
University of Ottawa, 
Ryerson University, 
University of Calgary, 
Simon Fraser University, 
Dalhousie University, 
University of Ottawa, 
Ryerson University, 
University of Waterloo, 
University of Calgary, 
Simon Fraser University, 
Dalhousie University, 
University of Ottawa, 
Ryerson University, 
University of Waterloo, 
Ecole Polytechnique Montreal, 
University of Calgary, 
Simon Fraser University, 
Dalhousie University, 
University of Ottawa, 
Ryerson University, 
University of Waterloo, 
Ecole Polytechnique Montreal, 
HEC Montreal, 
University of Calgary, 
Simon Fraser University, 
Dalhousie University, 
University of Ottawa, 
Ryerson University, 
University of Waterloo, 
Ecole Polytechnique Montreal, 
HEC Montreal, 
University of Montreal, 
University of Calgary, 
Simon Fraser University, 
Dalhousie University, 
University of Ottawa, 
Ryerson University, 
University of Waterloo, 
Ecole Polytechnique Montreal, 
HEC Montreal, 
University of Montreal, 
Bishop's University, 
University of Calgary, 
Simon Fraser University, 
Dalhousie University, 
University of Ottawa, 
Ryerson University, 
University of Waterloo, 
Ecole Polytechnique Montreal, 
HEC Montreal, 
University of Montreal, 
Bishop's University, 
University of Guelph, 
University of Calgary, 
Simon Fraser University, 
Dalhousie University, 
University of Ottawa, 
Ryerson University, 
University of Waterloo, 
Ecole Polytechnique Montreal, 
HEC Montreal, 
University of Montreal, 
Bishop's University, 
University of Guelph, 
University of Toronto, 
Tecnologico de Monterrey, 
Tecnologico de Monterrey, 
Universidad de las Americas, 
Arizona State University, 
Arizona State University, 
Northeastern University, 
Arizona State University, 
Northeastern University, 
University of Alabama, 
Arizona State University, 
Northeastern University, 
University of Alabama, 
San Jose State University, 
Arizona State University, 
Northeastern University, 
University of Alabama, 
San Jose State University, 
Illinois Institute of Technology, 
Arizona State University, 
Northeastern University, 
University of Alabama, 
San Jose State University, 
Illinois Institute of Technology, 
University of Florida,, 
Arizona State University, 
Northeastern University, 
University of Alabama, 
San Jose State University, 
Illinois Institute of Technology, 
University of Florida,, 
California State University, 
Arizona State University, 
Northeastern University, 
University of Alabama, 
San Jose State University, 
Illinois Institute of Technology, 
University of Florida,, 
California State University, 
New Mexico State University, 
Arizona State University, 
Northeastern University, 
University of Alabama, 
San Jose State University, 
Illinois Institute of Technology, 
University of Florida,, 
California State University, 
New Mexico State University, 
Johnson and Wales University, 
Arizona State University, 
Northeastern University, 
University of Alabama, 
San Jose State University, 
Illinois Institute of Technology, 
University of Florida,, 
California State University, 
New Mexico State University, 
Johnson and Wales University, 
University of Minnesota, 
